file_key,file_name,column_name,dtype,row_count,column_count,missing_count,missing_pct,unique_count,duplicate_rows,min_value,max_value
listings_detailed,listings_detailed.csv.gz,id,int64,28806,79,0,0.0,28806,0,27934.0,1.5181682940978813e+18
listings_detailed,listings_detailed.csv.gz,listing_url,object,28806,79,0,0.0,28806,0,,
listings_detailed,listings_detailed.csv.gz,scrape_id,int64,28806,79,0,0.0,1,0,20250926165947.0,20250926165947.0
listings_detailed,listings_detailed.csv.gz,last_scraped,object,28806,79,0,0.0,3,0,,
listings_detailed,listings_detailed.csv.gz,source,object,28806,79,0,0.0,2,0,,
listings_detailed,listings_detailed.csv.gz,name,object,28806,79,0,0.0,26603,0,,
listings_detailed,listings_detailed.csv.gz,description,object,28806,79,776,2.69,18539,0,,
listings_detailed,listings_detailed.csv.gz,neighborhood_overview,object,28806,79,19322,67.08,6109,0,,
listings_detailed,listings_detailed.csv.gz,picture_url,object,28806,79,0,0.0,26411,0,,
listings_detailed,listings_detailed.csv.gz,host_id,int64,28806,79,0,0.0,8874,0,21447.0,720639377.0
listings_detailed,listings_detailed.csv.gz,host_url,object,28806,79,0,0.0,8874,0,,
listings_detailed,listings_detailed.csv.gz,host_name,object,28806,79,9,0.03,6869,0,,
listings_detailed,listings_detailed.csv.gz,host_since,object,28806,79,9,0.03,3756,0,2009-06-14,2025-09-24
listings_detailed,listings_detailed.csv.gz,host_location,object,28806,79,7394,25.67,421,0,,
listings_detailed,listings_detailed.csv.gz,host_about,object,28806,79,11990,41.62,3871,0,,
listings_detailed,listings_detailed.csv.gz,host_response_time,object,28806,79,5647,19.6,4,0,,
listings_detailed,listings_detailed.csv.gz,host_response_rate,object,28806,79,5647,19.6,54,0,,
listings_detailed,listings_detailed.csv.gz,host_acceptance_rate,object,28806,79,4279,14.85,100,0,,
listings_detailed,listings_detailed.csv.gz,host_is_superhost,object,28806,79,1610,5.59,2,0,,
listings_detailed,listings_detailed.csv.gz,host_thumbnail_url,object,28806,79,9,0.03,8429,0,,
listings_detailed,listings_detailed.csv.gz,host_picture_url,object,28806,79,9,0.03,8429,0,,
listings_detailed,listings_detailed.csv.gz,host_neighbourhood,object,28806,79,19436,67.47,139,0,,
listings_detailed,listings_detailed.csv.gz,host_listings_count,float64,28806,79,9,0.03,140,0,0.0,1455.0
listings_detailed,listings_detailed.csv.gz,host_total_listings_count,float64,28806,79,9,0.03,173,0,0.0,8774.0
listings_detailed,listings_detailed.csv.gz,host_verifications,object,28806,79,9,0.03,7,0,,
listings_detailed,listings_detailed.csv.gz,host_has_profile_pic,object,28806,79,9,0.03,2,0,,
listings_detailed,listings_detailed.csv.gz,host_identity_verified,object,28806,79,9,0.03,2,0,,
listings_detailed,listings_detailed.csv.gz,neighbourhood,object,28806,79,19322,67.08,607,0,,
listings_detailed,listings_detailed.csv.gz,neighbourhood_cleansed,object,28806,79,0,0.0,50,0,,
listings_detailed,listings_detailed.csv.gz,neighbourhood_group_cleansed,float64,28806,79,28806,100.0,0,0,,
listings_detailed,listings_detailed.csv.gz,latitude,float64,28806,79,0,0.0,20113,0,13.52937,13.95354
listings_detailed,listings_detailed.csv.gz,longitude,float64,28806,79,0,0.0,20799,0,100.3289236538978,100.92371
listings_detailed,listings_detailed.csv.gz,property_type,object,28806,79,0,0.0,80,0,,
listings_detailed,listings_detailed.csv.gz,room_type,object,28806,79,0,0.0,4,0,,
listings_detailed,listings_detailed.csv.gz,accommodates,int64,28806,79,0,0.0,16,0,1.0,16.0
listings_detailed,listings_detailed.csv.gz,bathrooms,float64,28806,79,5589,19.4,31,0,0.0,50.0
listings_detailed,listings_detailed.csv.gz,bathrooms_text,object,28806,79,122,0.42,63,0,,
listings_detailed,listings_detailed.csv.gz,bedrooms,float64,28806,79,1304,4.53,29,0,0.0,50.0
listings_detailed,listings_detailed.csv.gz,beds,float64,28806,79,5582,19.38,32,0,0.0,50.0
listings_detailed,listings_detailed.csv.gz,amenities,object,28806,79,0,0.0,22792,0,,
listings_detailed,listings_detailed.csv.gz,price,object,28806,79,5533,19.21,4489,0,,
listings_detailed,listings_detailed.csv.gz,minimum_nights,int64,28806,79,0,0.0,105,0,1.0,1115.0
listings_detailed,listings_detailed.csv.gz,maximum_nights,int64,28806,79,0,0.0,154,0,1.0,100000.0
listings_detailed,listings_detailed.csv.gz,minimum_minimum_nights,float64,28806,79,3,0.01,106,0,1.0,1115.0
listings_detailed,listings_detailed.csv.gz,maximum_minimum_nights,float64,28806,79,3,0.01,107,0,1.0,1115.0
listings_detailed,listings_detailed.csv.gz,minimum_maximum_nights,float64,28806,79,3,0.01,138,0,1.0,2147483647.0
listings_detailed,listings_detailed.csv.gz,maximum_maximum_nights,float64,28806,79,3,0.01,137,0,1.0,2147483647.0
listings_detailed,listings_detailed.csv.gz,minimum_nights_avg_ntm,float64,28806,79,0,0.0,392,0,1.0,1115.0
listings_detailed,listings_detailed.csv.gz,maximum_nights_avg_ntm,float64,28806,79,0,0.0,329,0,1.0,2147483647.0
listings_detailed,listings_detailed.csv.gz,calendar_updated,float64,28806,79,28806,100.0,0,0,,
listings_detailed,listings_detailed.csv.gz,has_availability,object,28806,79,2248,7.8,1,0,,
listings_detailed,listings_detailed.csv.gz,availability_30,int64,28806,79,0,0.0,31,0,0.0,30.0
listings_detailed,listings_detailed.csv.gz,availability_60,int64,28806,79,0,0.0,61,0,0.0,60.0
listings_detailed,listings_detailed.csv.gz,availability_90,int64,28806,79,0,0.0,91,0,0.0,90.0
listings_detailed,listings_detailed.csv.gz,availability_365,int64,28806,79,0,0.0,366,0,0.0,365.0
listings_detailed,listings_detailed.csv.gz,calendar_last_scraped,object,28806,79,0,0.0,3,0,,
listings_detailed,listings_detailed.csv.gz,number_of_reviews,int64,28806,79,0,0.0,402,0,0.0,2926.0
listings_detailed,listings_detailed.csv.gz,number_of_reviews_ltm,int64,28806,79,0,0.0,139,0,0.0,1304.0
listings_detailed,listings_detailed.csv.gz,number_of_reviews_l30d,int64,28806,79,0,0.0,29,0,0.0,85.0
listings_detailed,listings_detailed.csv.gz,availability_eoy,int64,28806,79,0,0.0,97,0,0.0,96.0
listings_detailed,listings_detailed.csv.gz,number_of_reviews_ly,int64,28806,79,0,0.0,142,0,0.0,795.0
listings_detailed,listings_detailed.csv.gz,estimated_occupancy_l365d,int64,28806,79,0,0.0,95,0,0.0,255.0
listings_detailed,listings_detailed.csv.gz,estimated_revenue_l365d,float64,28806,79,5533,19.21,9273,0,0.0,57170256.0
listings_detailed,listings_detailed.csv.gz,first_review,object,28806,79,10090,35.03,3396,0,2011-03-16,2025-09-27
listings_detailed,listings_detailed.csv.gz,last_review,object,28806,79,10090,35.03,1902,0,2012-12-15,2025-09-27
listings_detailed,listings_detailed.csv.gz,review_scores_rating,float64,28806,79,10090,35.03,147,0,0.0,5.0
listings_detailed,listings_detailed.csv.gz,review_scores_accuracy,float64,28806,79,10090,35.03,139,0,1.0,5.0
listings_detailed,listings_detailed.csv.gz,review_scores_cleanliness,float64,28806,79,10091,35.03,154,0,0.0,5.0
listings_detailed,listings_detailed.csv.gz,review_scores_checkin,float64,28806,79,10093,35.04,140,0,0.0,5.0
listings_detailed,listings_detailed.csv.gz,review_scores_communication,float64,28806,79,10091,35.03,138,0,0.0,5.0
listings_detailed,listings_detailed.csv.gz,review_scores_location,float64,28806,79,10094,35.04,153,0,0.0,5.0
listings_detailed,listings_detailed.csv.gz,review_scores_value,float64,28806,79,10096,35.05,146,0,0.0,5.0
listings_detailed,listings_detailed.csv.gz,license,float64,28806,79,28806,100.0,0,0,,
listings_detailed,listings_detailed.csv.gz,instant_bookable,object,28806,79,0,0.0,2,0,,
listings_detailed,listings_detailed.csv.gz,calculated_host_listings_count,int64,28806,79,0,0.0,90,0,1.0,243.0
listings_detailed,listings_detailed.csv.gz,calculated_host_listings_count_entire_homes,int64,28806,79,0,0.0,82,0,0.0,234.0
listings_detailed,listings_detailed.csv.gz,calculated_host_listings_count_private_rooms,int64,28806,79,0,0.0,43,0,0.0,193.0
listings_detailed,listings_detailed.csv.gz,calculated_host_listings_count_shared_rooms,int64,28806,79,0,0.0,11,0,0.0,58.0
listings_detailed,listings_detailed.csv.gz,reviews_per_month,float64,28806,79,10090,35.03,679,0,0.01,57.6
calendar,calendar.csv.gz,ERROR,Error tokenizing data. C error: out of memory,0,0,0,0.0,0,0,,
reviews_detailed,reviews_detailed.csv.gz,listing_id,int64,583333,6,0,0.0,18716,0,27934.0,1.5164890224147722e+18
reviews_detailed,reviews_detailed.csv.gz,id,int64,583333,6,0,0.0,583333,0,200452.0,1.519424257819099e+18
reviews_detailed,reviews_detailed.csv.gz,date,object,583333,6,0,0.0,4733,0,2011-03-16,2025-09-27
reviews_detailed,reviews_detailed.csv.gz,reviewer_id,int64,583333,6,0,0.0,462561,0,1.0,720502542.0
reviews_detailed,reviews_detailed.csv.gz,reviewer_name,object,583333,6,6,0.0,132105,0,,
reviews_detailed,reviews_detailed.csv.gz,comments,object,583333,6,70,0.01,548477,0,,
listings_summary,listings_summary.csv,id,int64,28806,18,0,0.0,28806,0,27934.0,1.5181682940978813e+18
listings_summary,listings_summary.csv,name,object,28806,18,0,0.0,26604,0,,
listings_summary,listings_summary.csv,host_id,int64,28806,18,0,0.0,8874,0,21447.0,720639377.0
listings_summary,listings_summary.csv,host_name,object,28806,18,9,0.03,6869,0,,
listings_summary,listings_summary.csv,neighbourhood_group,float64,28806,18,28806,100.0,0,0,,
listings_summary,listings_summary.csv,neighbourhood,object,28806,18,0,0.0,50,0,,
listings_summary,listings_summary.csv,latitude,float64,28806,18,0,0.0,20113,0,13.52937,13.95354
listings_summary,listings_summary.csv,longitude,float64,28806,18,0,0.0,20799,0,100.3289236538978,100.92371
listings_summary,listings_summary.csv,room_type,object,28806,18,0,0.0,4,0,,
listings_summary,listings_summary.csv,price,float64,28806,18,5533,19.21,4489,0,4.0,1000000.0
listings_summary,listings_summary.csv,minimum_nights,int64,28806,18,0,0.0,105,0,1.0,1115.0
listings_summary,listings_summary.csv,number_of_reviews,int64,28806,18,0,0.0,402,0,0.0,2926.0
listings_summary,listings_summary.csv,last_review,object,28806,18,10090,35.03,1902,0,2012-12-15,2025-09-27
listings_summary,listings_summary.csv,reviews_per_month,float64,28806,18,10090,35.03,679,0,0.01,57.6
listings_summary,listings_summary.csv,calculated_host_listings_count,int64,28806,18,0,0.0,90,0,1.0,243.0
listings_summary,listings_summary.csv,availability_365,int64,28806,18,0,0.0,366,0,0.0,365.0
listings_summary,listings_summary.csv,number_of_reviews_ltm,int64,28806,18,0,0.0,139,0,0.0,1304.0
listings_summary,listings_summary.csv,license,float64,28806,18,28806,100.0,0,0,,
reviews_summary,reviews_summary.csv,listing_id,int64,583333,2,0,0.0,18716,12295,27934.0,1.5164890224147722e+18
reviews_summary,reviews_summary.csv,date,object,583333,2,0,0.0,4733,12295,2011-03-16,2025-09-27
neighbourhoods,neighbourhoods.csv,neighbourhood_group,float64,50,2,50,100.0,0,0,,
neighbourhoods,neighbourhoods.csv,neighbourhood,object,50,2,0,0.0,50,0,,
